"name_surname","id","location","password","mail","phone_number","favorites","shopping_cart"
"Ahmet ali",1201390842,"Earth","5994471abb01112afcc18159f6cc74b4f511b99806da59b3caf5a9c173cacfc5","ahmet@gmail.com","5432100000","{9,23580896,9368}","{2346}"
"ihsan",1175516569,"istanul","f969fdbe811d8a66010d6f8973246763147a2a0914afc8087839e29b563a5af0","ihsan@gmail.com","6547156556","{3447}","{25,9368,6261}"
"Shalna Hutcheon",151,"80490 Barby Trail","2284c35d669847ee730edf149008b886d06b894aa150caf50fae959a6c4f7b21","shutcheon0@ocn.ne.jp","2748429453","{}","{}"
"Stefan Hutcheson",193,"96 Pankratz Hill","12bbd88f0399caa09df38ab052024fc070ab0926ae3a36777cc7de07e7b658ea","shutcheson1@foxnews.com","4646304788","{}","{}"
"Obediah O'Doherty",171,"20413 Westend Point","7b1a8f03bc4ec2b34b7764956ebee7461664ad241244b876ad0886523fe8f050","oodoherty2@stanford.edu","8689516360","{}","{}"
"Ric Roskruge",90,"2147 Rutledge Junction","9f8d5cd144320d09e5cc91204172df842c5209e042587c57aa3ae716b797b3d3","rroskruge3@constantcontact.com","3262736513","{}","{}"
"Mill Eggerton",80,"2072 Michigan Place","44cc604fd8361bb2e0d440fbd9a9046f5433b2c8e955995ee5c09dc9a6831454","meggerton4@unesco.org","2523951150","{}","{}"
"Trixy Doodson",10,"2846 Scoville Park","4ad67e369309c054ee0a675f0f682dcb2297b25fcbbf811ec3c1d33fcbd74add","tdoodson5@howstuffworks.com","5679170538","{}","{}"
"Grange Donald",182,"9059 Raven Lane","d0f79cea725bf47f4416ee0dd1434f02a62715d8579092b191518ade6c5c8468","gdonald6@timesonline.co.uk","1562943558","{}","{}"
"Cosme Hurrion",199,"57032 Sutter""id""ge Crossing","819b4b625a976928bbab82e579c8145f4fb08e2510361c624cc9574d73eefb19","churrion7@hugedomains.com","8882698430","{}","{}"
"Laureen Addicote",75,"2752 Aberg Street","bd7e81edbb079a8226e500e3e33f9c64ad75bb299a5564a3bddf74dd3fdb1c48","laddicote8@studiopress.com","8928892578","{}","{}"
"Bucky Scard",88,"85787 Birchwood Parkway","398c212f627cbe4abcb56a8cddb15394b3bb4967d0bbdd6672da2a83dc89eaa5","bscard9@chicagotribune.com","1909585972","{}","{}"
"asd",1378128757,"asd","688787d8ff144c502c7f5cffaafe2cc588d86079f9de88304c26b0cb99ce91c6","asd@gm.com","asd","{}","{}"
